{
  "provinces": [
    "Alberta",
    "British Columbia",
    "Manitoba",
    "NU/NT",
    "New Brunswick",
    "Newfoundland and Labrador",
    "Nova Scotia",
    "Ontario",
    "Prince Edward Island",
    "Quebec",
    "Saskatchewan",
    "Unknown",
    "Yukon"
  ],
  "camp_types": [
    "CONV",
    "DIRECT",
    "LG",
    "OTHER"
  ],
  "cities": [
    "Calgary",
    "Edmonton",
    "Winnipeg",
    "Vancouver",
    "Ottawa",
    "Regina",
    "Halifax",
    "Saskatoon",
    "Moncton",
    "Kelowna",
    "Lethbridge",
    "Saint John, NB",
    "Fredericton",
    "Kamloops",
    "Nanaimo",
    "Victoria",
    "Red Deer",
    "Medicine Hat",
    "St. Jhon's, NF",
    "Unknown city",
    "Grande Prairie",
    "Moose Jaw, SK",
    "OTHER_CITY"
  ],
  "weights": [
    -0.18971506808514144,
    -0.20663373828121637,
    -0.02534195783838463,
    -0.0008937396026223004,
    0.016092813705382115,
    -0.04175152095528117,
    -0.0824857909791168,
    -0.0768996328429052,
    0.0015133648770500531,
    -0.0024231166248374005,
    -0.08435532416285656,
    -0.04477383160407029,
    -0.002319839073422503,
    -0.21011398409720458,
    0.001245105765875182,
    -0.44640832774845324,
    -0.08471017538764035,
    -0.19572862182542858,
    -0.0060423915236451405,
    -0.0281613260443889,
    -0.14338637326272707,
    -0.07788861088618103,
    -0.0638693619155412,
    -0.08457377917460945,
    -0.013681612469677185,
    0.031302727243256896,
    0.006136150254661926,
    0.008561717192474184,
    -0.004717357819836653,
    -0.010492555718038107,
    -0.014279944998040485,
    -0.01740760898991474,
    -0.0076902352257019885,
    -0.02636656816092771,
    0.004934915248488063,
    -0.04175152095528117,
    -0.0454127922121102,
    0.03035335154986322,
    0.00014446058198189078,
    -0.03997004235609967,
    -0.08530446330882135,
    0.11856685704765856,
    -0.09803293439459941,
    -0.23851492362704185,
    -0.4367019171846188,
    0.1579558913224338,
    -0.021535194608390533,
    -0.045373600358547206
  ],
  "bias": -0.91945413435503,
  "train_rows": 12311,
  "train_auc": 0.601,
  "cv_auc": 0.596,
  "version": "2026-04",
  "description": "Logistic regression. Features: province, camp_type (LG/CONV/DIRECT/OTHER), city (top 22 + OTHER_CITY), days_booked_to_appt (bucketed), lead_month (sin/cos), days_lead_to_booked."
}